ID,USERNAME,FIRSTNAME,LASTNAME,EMAIL,PASSWORD,PHONE,USERSTATUS
1,dzanioletti0,Dana,Zanioletti,dzanioletti0@archive.org,cFCn81Cww,445-251-3003,6
2,btalloe1,Broddie,Talloe,btalloe1@bizjournals.com,cwgthuAi,398-723-2044,5
3,emaceur2,Erie,Maceur,emaceur2@4shared.com,i1XJb5kB5iYp,377-213-6016,6
4,lbradshaw3,Linnet,Bradshaw,lbradshaw3@prlog.org,dL6lBS,205-817-1421,5
5,mbranch4,Murdock,Branch,mbranch4@miibeian.gov.cn,JkJCBe,120-216-0833,89
6,cdarlison5,Clywd,Darlison,cdarlison5@squarespace.com,Eshr2TJAYJVa,164-140-8224,5
7,chousen6,Constantine,Housen,chousen6@aol.com,I7odCxk3v4F,561-946-4984,5
8,fberkowitz7,Fanny,Berkowitz,fberkowitz7@sogou.com,BCTYz1zXB,589-258-4087,6
9,wrennenbach8,Waylan,Rennenbach,wrennenbach8@ihg.com,zqy54K,513-920-1243,89
10,mconnichie9,Merrile,Connichie,mconnichie9@vimeo.com,xKhL2SS9LAD,496-741-9947,5
11,adomleoa,Antonina,Domleo,adomleoa@theguardian.com,HEx9AGvxsZA,247-738-2375,6
12,dskethb,Dorri,Sketh,dskethb@is.gd,ePJ1jsF,579-310-5142,5
13,lhardisonc,Lauraine,Hardison,lhardisonc@multiply.com,SIxvfJbs,535-126-9613,5
14,sfreerd,Simone,Freer,sfreerd@narod.ru,qrdKfdWtyF,420-888-0547,5
15,kcoughline,Kaila,Coughlin,kcoughline@jigsy.com,kiJsjvW2GOXT,900-834-9104,5
16,bcomarf,Blaire,Comar,bcomarf@1688.com,K5BTvfA0VtG,855-785-6973,5
17,cdmytrykg,Colas,Dmytryk,cdmytrykg@sina.com.cn,eH0YTrbkWDP4,130-813-0970,5
18,fhelwigh,Fletch,Helwig,fhelwigh@va.gov,8vbh7QseJ4,726-991-1450,6
19,ktasseli,Kathlin,Tassel,ktasseli@goo.gl,XyRZJqmPg,993-258-8717,6
20,fminilloj,Floyd,Minillo,fminilloj@unicef.org,g3S2yOYmXr5e,403-120-7956,89